sigma,measured_std
0.0,0.0
0.02,0.019927603517103182
0.1,0.1010336035868678
